{"cameraMode":{"drawMode":0,"name":"Shaded","section":"Shading Mode"},"sceneLighting":false,"audioPlay":false,"sceneViewState":{"m_AlwaysRefresh":false,"showFog":true,"showSkybox":false,"showFlares":true,"showImageEffects":true,"showParticleSystems":true,"showVisualEffectGraphs":true,"m_FxEnabled":true},"in2DMode":false,"pivot":{"x":0.06570668518543244,"y":0.12115165591239929,"z":-0.01365620270371437},"rotation":{"x":0.41199228167533877,"y":0.5135051012039185,"z":-0.30802035331726076,"w":0.6868166923522949},"size":0.19430212676525117,"orthographic":false}